9.4,200
9.4,201
9.3,202
9.3,203
9.3,204
9.4,205
9.4,206
9.4,207
9.4,208
9.5,209
9.4,210
9.4,211
9.7,212
9.6,213
9.7,214
9.9,215
9.8,216
10.0,217
9.9,218
9.9,219
9.9,220
9.8,221
9.7,222
9.8,223
10.0,224
9.7,225
10.0,226
9.9,227
10.0,228
10.0,229
10.1,230
10.1,231
10.1,232
10.1,233
10.0,234
10.1,235
9.9,236
10.0,237
10.1,238
9.9,239
10.0,240
10.1,241
10.3,242
10.3,243
10.7,244
10.7,245
10.8,246
10.7,247
10.7,248
10.7,249
10.6,250
10.7,251
10.9,252
11.0,253
10.9,254
11.1,255
11.0,256
10.9,257
10.9,258
10.8,259
10.9,260
10.9,261
10.9,262
11.0,263
11.0,264
11.0,265
11.0,266
11.1,267
11.1,268
11.2,269
11.3,270
11.3,271
11.2,272
11.2,273
11.3,274
11.1,275
11.1,276
11.0,277
11.1,278
11.0,279
11.1,280
11.3,281
11.2,282
11.1,283
11.1,284
11.2,285
10.9,286
11.1,287
11.2,288
11.2,289
11.0,290
11.0,291
11.2,292
11.0,293
11.0,294
11.2,295
11.3,296
11.2,297
11.3,298
11.3,299
11.2,300
11.2,301
11.2,302
11.3,303
11.1,304
11.2,305
11.2,306
11.1,307
11.1,308
11.1,309
11.1,310
11.1,311
11.3,312
11.3,313
11.4,314
11.3,315
11.3,316
11.3,317
11.2,318
11.2,319
11.3,320
11.3,321
11.2,322
11.2,323
11.3,324
11.2,325
11.4,326
11.4,327
11.5,328
11.2,329
11.2,330
11.2,331
11.1,332
11.1,333
11.1,334
11.2,335
11.1,336
11.1,337
11.3,338
11.4,339
11.4,340
11.5,341
11.6,342
11.4,343
11.4,344
11.3,345
11.3,346
11.2,347
11.2,348
11.4,349
11.3,350
11.2,351
11.3,352
11.4,353
11.4,354
11.4,355
11.5,356
11.5,357
11.4,358
11.3,359
11.4,360
11.3,361
11.1,362
11.3,363
11.3,364
11.2,365
11.4,366
11.4,367
11.3,368
11.3,369
11.4,370
11.3,371
11.3,372
11.3,373
11.2,374
11.2,375
11.1,376
11.2,377
11.1,378
11.2,379
11.2,380
11.3,381
11.4,382
11.4,383
11.4,384
11.4,385
11.4,386
11.2,387
11.3,388
11.3,389
11.3,390
11.3,391
11.4,392
11.4,393
11.3,394
11.5,395
11.4,396
11.3,397
11.3,398
11.3,399
11.1,400
11.1,401
11.2,402
11.2,403
11.2,404
11.3,405
11.5,406
11.5,407
11.5,408
11.6,409
11.5,410
11.3,411
11.2,412
11.3,413
11.3,414
11.2,415
11.2,416
11.2,417
11.3,418
11.3,419
11.5,420
11.5,421
11.5,422
11.4,423
11.4,424
11.3,425
11.3,426
11.3,427
11.3,428
11.4,429
11.3,430
11.3,431
11.5,432
11.5,433
11.6,434
11.7,435
11.8,436
11.6,437
11.7,438
11.5,439
11.4,440
11.4,441
11.4,442
11.3,443
11.2,444
11.4,445
11.4,446
11.5,447
11.6,448
11.8,449
11.7,450
11.6,451
11.6,452
11.5,453
11.4,454
11.4,455
11.4,456
11.4,457
11.3,458
11.3,459
11.4,460
11.4,461
11.3,462
11.4,463
11.4,464
11.4,465
11.3,466
11.4,467
11.4,468
11.4,469
11.5,470
11.5,471
11.6,472
11.6,473
11.6,474
11.6,475
11.6,476
11.6,477
11.6,478
11.6,479
11.4,480
11.6,481
11.5,482
11.3,483
11.3,484
11.4,485
11.3,486
11.3,487
11.4,488
11.6,489
11.6,490
11.5,491
11.7,492
11.7,493
11.5,494
11.5,495
11.5,496
11.4,497
11.4,498
11.5,499
11.6,500
11.5,501
11.5,502
11.6,503
11.6,504
11.5,505
11.5,506
11.5,507
11.4,508
11.3,509
11.3,510
11.4,511
11.3,512
11.4,513
11.5,514
11.5,515
11.5,516
11.5,517
11.4,518
11.3,519
11.2,520
11.3,521
11.4,522
11.4,523
11.4,524
11.5,525
11.4,526
11.5,527
11.6,528
11.5,529
11.4,530
11.4,531
11.4,532
11.3,533
11.3,534
11.3,535
11.3,536
11.3,537
11.3,538
11.4,539
11.4,540
11.5,541
11.5,542
11.6,543
11.5,544
11.4,545
11.4,546
11.3,547
11.1,548
11.1,549
11.2,550
11.2,551
11.1,552
11.2,553
11.3,554
11.4,555
11.3,556
11.5,557
11.5,558
11.5,559
11.5,560
11.5,561
11.4,562
11.3,563
11.2,564
11.1,565
11.1,566
11.0,567
11.1,568
11.0,569
11.0,570
11.0,571
11.1,572
11.1,573
11.4,574
11.4,575
11.4,576
11.3,577
11.3,578
11.2,579
11.2,580
11.3,581
11.3,582
11.5,583
11.5,584
11.5,585
11.5,586
11.6,587
11.4,588
11.5,589
11.3,590
11.3,591
11.2,592
11.2,593
11.2,594
11.2,595
11.3,596
11.4,597
11.5,598
11.5,599
11.6,600
11.6,601
11.5,602
11.6,603
11.5,604
11.3,605
11.2,606
11.2,607
11.2,608
11.2,609
11.2,610
11.2,611
11.1,612
11.0,613
11.2,614
11.1,615
11.2,616
11.3,617
11.2,618
11.0,619
11.0,620
10.9,621
10.9,622
11.0,623
11.0,624
11.1,625
11.0,626
11.1,627
11.2,628
11.1,629
11.2,630
11.3,631
11.2,632
11.2,633
11.3,634
11.2,635
11.3,636
11.5,637
11.4,638
11.4,639
11.3,640
11.3,641
11.1,642
11.2,643
11.2,644
11.3,645
11.4,646
11.3,647
11.4,648
11.3,649
11.4,650
11.3,651
11.4,652
11.4,653
11.3,654
11.3,655
11.2,656
11.2,657
11.2,658
11.2,659
11.1,660
11.1,661
11.1,662
11.1,663
11.1,664
11.0,665
10.9,666
11.0,667
11.1,668
11.1,669
11.2,670
11.3,671
11.4,672
11.3,673
11.2,674
11.3,675
11.3,676
11.2,677
11.2,678
11.4,679
11.3,680
11.4,681
11.5,682
11.6,683
11.5,684
11.4,685
11.4,686
11.3,687
11.1,688
11.0,689
11.1,690
11.1,691
11.2,692
11.3,693
11.5,694
11.4,695
11.2,696
11.4,697
11.2,698
11.1,699
11.1,700
11.1,701
10.9,702
11.0,703
10.9,704
11.0,705
11.1,706
11.1,707
11.2,708
11.2,709
11.1,710
11.1,711
11.1,712
11.0,713
11.1,714
11.1,715
11.1,716
11.1,717
11.1,718
11.1,719
11.0,720
11.0,721
11.2,722
11.2,723
11.2,724
11.3,725
11.2,726
11.2,727
11.2,728
11.3,729
11.2,730
11.3,731
11.2,732
11.3,733
11.1,734
11.1,735
11.2,736
11.2,737
11.1,738
11.2,739
11.3,740
11.2,741
11.2,742
11.2,743
11.2,744
11.1,745
11.1,746
11.1,747
11.2,748
11.3,749
11.2,750
11.4,751
11.3,752
11.2,753
11.3,754
11.2,755
11.1,756
11.1,757
11.1,758
11.0,759
11.0,760
10.9,761
11.1,762
11.1,763
11.2,764
11.4,765
11.3,766
11.3,767
11.2,768
11.2,769
11.1,770
11.2,771
11.2,772
11.2,773
11.1,774
11.0,775
11.1,776
11.2,777
11.2,778
11.3,779
11.3,780
11.3,781
11.2,782
11.1,783
11.1,784
11.0,785
11.0,786
11.0,787
11.2,788
11.1,789
11.3,790
11.3,791
11.3,792
11.3,793
11.4,794
11.5,795
11.3,796
11.5,797
11.3,798
11.2,799
11.2,800
11.2,801
11.2,802
11.2,803
11.2,804
11.1,805
11.2,806
11.1,807
11.3,808
11.3,809
11.4,810
11.4,811
11.5,812
11.3,813
11.2,814
11.2,815
11.2,816
11.1,817
11.0,818
11.2,819
11.1,820
11.2,821
11.3,822
11.5,823
11.4,824
11.4,825
11.4,826
11.3,827
11.1,828
11.2,829
11.3,830
11.3,831
11.3,832
11.3,833
11.4,834
11.2,835
11.2,836
11.3,837
11.2,838
11.1,839
11.1,840
11.2,841
11.1,842
11.2,843
11.2,844
11.2,845
11.0,846
11.1,847
11.2,848
11.1,849
11.1,850
11.2,851
11.3,852
11.1,853
11.1,854
11.1,855
11.2,856
11.1,857
11.1,858
11.2,859
11.2,860
11.2,861
11.2,862
11.2,863
11.1,864
11.3,865
11.2,866
11.1,867
11.1,868
11.2,869
11.1,870
11.2,871
11.2,872
11.4,873
11.2,874
11.3,875
11.3,876
11.2,877
11.2,878
11.2,879
11.4,880
11.2,881
11.2,882
11.3,883
11.4,884
11.2,885
11.3,886
11.3,887
11.2,888
11.2,889
11.2,890
11.4,891
11.3,892
11.4,893
11.4,894
11.4,895
11.3,896
11.2,897
11.1,898
11.0,899
10.9,900
10.9,901
11.1,902
11.0,903
11.0,904
11.2,905
11.2,906
11.2,907
11.3,908
11.3,909
11.1,910
11.2,911
11.1,912
11.2,913
11.1,914
11.1,915
11.2,916
11.1,917
11.2,918
11.2,919
11.2,920
11.0,921
11.2,922
11.2,923
11.3,924
11.4,925
11.5,926
11.4,927
11.3,928
11.2,929
11.1,930
11.1,931
11.0,932
11.1,933
11.1,934
11.2,935
11.1,936
11.4,937
11.3,938
11.3,939
11.2,940
11.3,941
11.1,942
11.1,943
11.1,944
11.1,945
11.1,946
11.2,947
11.5,948
11.4,949
11.5,950
11.4,951
11.5,952
11.3,953
11.4,954
11.3,955
11.3,956
11.2,957
11.2,958
11.2,959
11.2,960
11.3,961
11.4,962
11.3,963
11.1,964
11.1,965
11.2,966
11.1,967
11.1,968
11.0,969
11.1,970
11.0,971
11.1,972
11.2,973
11.4,974
11.3,975
11.3,976
11.4,977
11.4,978
11.3,979
11.4,980
11.4,981
11.3,982
11.2,983
11.2,984
11.3,985
11.1,986
11.1,987
11.2,988
11.1,989
11.1,990
11.1,991
11.1,992
11.0,993
11.2,994
11.2,995
11.4,996
11.4,997
11.4,998
11.5,999
11.5,1000
11.3,1001
11.3,1002
11.4,1003
11.2,1004
11.4,1005
11.5,1006
11.6,1007
11.7,1008
11.7,1009
11.6,1010
11.5,1011
11.4,1012
11.2,1013
11.3,1014
11.1,1015
11.2,1016
11.2,1017
11.2,1018
11.1,1019
11.2,1020
11.2,1021
11.1,1022
11.2,1023
11.3,1024
11.2,1025
11.2,1026
11.3,1027
11.1,1028
11.2,1029
11.3,1030
11.5,1031
11.5,1032
11.6,1033
11.6,1034
11.6,1035
11.5,1036
11.5,1037
11.6,1038
11.5,1039
11.4,1040
11.3,1041
11.5,1042
11.3,1043
11.4,1044
11.5,1045
11.5,1046
11.4,1047
11.6,1048
11.7,1049
11.7,1050
11.8,1051
11.9,1052
12.0,1053
11.7,1054
11.6,1055
11.5,1056
11.4,1057
11.2,1058
11.2,1059
11.2,1060
11.0,1061
11.0,1062
10.9,1063
11.0,1064
11.1,1065
11.1,1066
11.2,1067
11.2,1068
11.2,1069
11.1,1070
11.2,1071
11.1,1072
11.2,1073
11.2,1074
11.2,1075
11.2,1076
11.1,1077
11.0,1078
11.2,1079
11.0,1080
11.0,1081
10.9,1082
10.9,1083
10.8,1084
11.0,1085
11.1,1086
11.2,1087
11.5,1088
11.5,1089
11.5,1090
11.6,1091
11.7,1092
11.7,1093
11.7,1094
11.6,1095
11.6,1096
11.5,1097
11.5,1098
11.5,1099
11.5,1100
11.5,1101
11.4,1102
11.4,1103
11.3,1104
11.4,1105
11.3,1106
11.4,1107
11.3,1108
11.3,1109
11.4,1110
11.2,1111
11.3,1112
11.3,1113
11.3,1114
11.2,1115
11.4,1116
11.4,1117
11.3,1118
11.4,1119
11.4,1120
11.4,1121
11.3,1122
11.3,1123
11.3,1124
11.5,1125
11.4,1126
11.3,1127
11.3,1128
11.3,1129
11.2,1130
11.3,1131
11.5,1132
11.7,1133
11.9,1134
11.9,1135
12.3,1136
12.2,1137
12.1,1138
12.0,1139
11.7,1140
11.3,1141
11.2,1142
11.1,1143
11.0,1144
11.1,1145
11.0,1146
11.2,1147
11.2,1148
11.3,1149
11.4,1150
11.4,1151
11.3,1152
11.4,1153
11.3,1154
11.1,1155
11.3,1156
11.2,1157
11.2,1158
11.2,1159
11.2,1160
11.3,1161
11.3,1162
11.3,1163
11.4,1164
11.4,1165
11.1,1166
11.2,1167
11.2,1168
11.1,1169
11.1,1170
11.4,1171
11.1,1172
11.1,1173
11.2,1174
11.3,1175
11.2,1176
11.3,1177
11.4,1178
11.3,1179
11.2,1180
11.2,1181
11.4,1182
11.1,1183
11.3,1184
11.3,1185
11.3,1186
11.1,1187
11.2,1188
11.2,1189
11.2,1190
11.1,1191
11.1,1192
11.3,1193
11.1,1194
11.2,1195
11.5,1196
11.5,1197
11.3,1198
11.5,1199
