扭矩,料温,压力,转速,时间,温度1,温度2,温度3,温度4,温度5,温度6,温度7,温度8,顶栓,能量
1.5,184.0,6.19,1.8,0,189.3,190.0,190.0,500.0,500.0,0.0,0.0,0.0,0.3,0.00
1.2,184.1,6.19,9.8,1,189.4,190.0,190.0,500.0,500.0,0.0,0.0,0.0,0.3,0.00
1.0,184.1,6.19,19.6,2,189.4,190.0,190.0,500.0,500.0,0.0,0.0,0.0,0.3,0.00
0.7,184.2,6.19,29.6,3,189.4,190.0,190.0,500.0,500.0,0.0,0.0,0.0,0.3,0.00
0.4,184.1,6.19,39.6,4,189.4,190.0,190.0,500.0,500.0,0.0,0.0,0.0,0.3,0.00
0.3,183.8,6.19,47.6,5,189.4,190.0,190.0,500.0,500.0,0.0,0.0,0.0,0.3,0.00
0.1,183.1,6.19,49.6,6,189.4,190.0,190.0,500.0,500.0,0.0,0.0,0.0,0.3,0.00
0.1,182.1,6.19,49.8,7,189.5,190.0,190.0,500.0,500.0,0.0,0.0,0.0,0.3,0.00
0.4,181.2,6.19,49.8,8,189.5,190.0,190.0,500.0,500.0,0.0,0.0,0.0,0.3,0.00
3.2,180.3,6.19,49.6,9,189.5,190.0,190.0,500.0,500.0,0.0,0.0,0.0,0.3,0.00
8.5,179.4,6.19,49.8,10,189.5,190.0,190.0,500.0,500.0,0.0,0.0,0.0,0.3,0.01
16.6,177.7,6.19,49.8,11,189.5,190.0,190.0,500.0,500.0,0.0,0.0,0.0,0.3,0.03
29.3,175.2,6.19,49.6,12,189.6,190.0,190.0,500.0,500.0,0.0,0.0,0.0,0.3,0.05
42.4,172.1,6.19,49.6,13,189.6,190.0,190.0,500.0,500.0,0.0,0.0,0.0,0.3,0.08
51.8,168.9,6.19,49.8,14,189.6,190.0,190.0,500.0,500.0,0.0,0.0,0.0,0.3,0.13
56.1,166.1,6.19,49.8,15,189.6,190.0,189.9,500.0,500.0,0.0,0.0,0.0,0.3,0.17
56.7,163.4,6.19,49.6,16,189.6,190.0,189.9,500.0,500.0,0.0,0.0,0.0,0.3,0.22
53.2,161.5,6.19,49.8,17,189.6,190.0,189.9,500.0,500.0,0.0,0.0,0.0,0.3,0.27
49.2,160.0,6.19,49.8,18,189.6,190.0,189.9,500.0,500.0,0.0,0.0,0.0,0.3,0.31
45.5,159.1,6.19,49.6,19,189.6,190.0,189.7,500.0,500.0,0.0,0.0,0.0,0.3,0.34
43.4,158.6,6.19,49.6,20,189.6,190.0,189.6,500.0,500.0,0.0,0.0,0.0,0.3,0.38
41.6,158.2,6.19,49.8,21,189.5,190.0,189.6,500.0,500.0,0.0,0.0,0.0,0.3,0.41
39.2,157.9,6.19,49.8,22,189.4,190.0,189.6,500.0,500.0,0.0,0.0,0.0,0.3,0.45
36.3,157.8,6.19,49.8,23,189.4,190.0,189.4,500.0,500.0,0.0,0.0,0.0,0.3,0.48
35.0,157.7,6.19,49.8,24,189.4,190.0,189.3,500.0,500.0,0.0,0.0,0.0,0.3,0.51
32.6,157.8,6.19,49.8,25,189.4,190.0,189.3,500.0,500.0,0.0,0.0,0.0,0.3,0.53
31.2,157.8,6.19,49.8,26,189.4,190.0,189.1,500.0,500.0,0.0,0.0,0.0,0.3,0.56
30.2,158.0,6.19,49.8,27,189.2,190.0,188.9,500.0,500.0,0.0,0.0,0.0,0.3,0.58
28.8,158.2,6.19,49.8,28,189.1,190.0,188.8,500.0,500.0,0.0,0.0,0.0,0.3,0.61
27.3,158.4,6.19,49.8,29,189.1,190.0,188.8,500.0,500.0,0.0,0.0,0.0,0.3,0.63
27.9,158.5,6.19,49.6,30,189.1,190.0,188.7,500.0,500.0,0.0,0.0,0.0,0.3,0.65
27.5,158.6,6.19,49.6,31,189.1,190.0,188.7,500.0,500.0,0.0,0.0,0.0,0.3,0.68
27.2,158.8,6.19,49.6,32,189.1,190.0,188.7,500.0,500.0,0.0,0.0,0.0,0.3,0.70
26.9,159.0,6.19,49.6,33,188.9,190.0,188.7,500.0,500.0,0.0,0.0,0.0,0.3,0.72
26.4,159.2,6.19,49.8,34,188.8,190.0,188.5,500.0,500.0,0.0,0.0,0.0,0.3,0.74
25.4,159.4,6.19,50.0,35,188.8,190.0,188.2,500.0,500.0,0.0,0.0,0.0,0.3,0.76
25.2,159.6,6.19,50.0,36,188.8,190.0,188.2,500.0,500.0,0.0,0.0,0.0,0.3,0.78
24.1,159.9,6.19,50.0,37,188.8,190.0,188.2,500.0,500.0,0.0,0.0,0.0,0.3,0.80
23.4,160.3,6.19,50.0,38,188.8,189.9,188.2,500.0,500.0,0.0,0.0,0.0,0.3,0.82
22.4,160.7,6.19,50.0,39,188.7,189.8,188.1,500.0,500.0,0.0,0.0,0.0,0.3,0.84
21.6,161.3,6.19,50.0,40,188.6,189.8,187.9,500.0,500.0,0.0,0.0,0.0,0.3,0.86
20.7,162.1,6.19,50.0,41,188.6,189.8,187.9,500.0,500.0,0.0,0.0,0.0,0.3,0.88
20.1,162.9,6.19,50.0,42,188.6,189.7,187.9,500.0,500.0,0.0,0.0,0.0,0.3,0.90
19.8,163.6,6.19,49.8,43,188.6,189.6,187.9,500.0,500.0,0.0,0.0,0.0,0.3,0.91
19.5,164.3,6.19,49.8,44,188.6,189.6,187.9,500.0,500.0,0.0,0.0,0.0,0.3,0.93
19.1,164.9,6.19,49.8,45,188.7,189.6,187.8,500.0,500.0,0.0,0.0,0.0,0.3,0.94
18.9,165.5,6.19,49.8,46,188.7,189.5,187.8,500.0,500.0,0.0,0.0,0.0,0.3,0.96
18.6,166.1,6.19,49.8,47,188.7,189.4,187.8,500.0,500.0,0.0,0.0,0.0,0.3,0.97
18.2,166.7,6.19,50.0,48,188.7,189.4,187.8,500.0,500.0,0.0,0.0,0.0,0.3,0.99
18.0,167.2,6.19,50.0,49,188.7,189.4,187.8,500.0,500.0,0.0,0.0,0.0,0.3,1.00
17.8,167.8,6.19,50.0,50,188.7,189.4,187.7,500.0,500.0,0.0,0.0,0.0,0.3,1.02
17.7,168.3,6.19,50.0,51,188.7,189.4,187.7,500.0,500.0,0.0,0.0,0.0,0.3,1.03
17.5,168.8,6.19,50.0,52,188.7,189.4,187.7,500.0,500.0,0.0,0.0,0.0,0.3,1.05
17.4,169.3,6.19,50.0,53,188.7,189.4,187.7,500.0,500.0,0.0,0.0,0.0,0.3,1.06
17.3,169.7,6.19,49.8,54,188.7,189.4,187.7,500.0,500.0,0.0,0.0,0.0,0.3,1.08
17.2,170.2,6.19,49.8,55,188.7,189.4,187.8,500.0,500.0,0.0,0.0,0.0,0.3,1.09
17.1,170.5,6.19,49.8,56,188.7,189.4,187.8,500.0,500.0,0.0,0.0,0.0,0.3,1.11
17.0,170.9,6.19,49.8,57,188.8,189.4,187.8,500.0,500.0,0.0,0.0,0.0,0.3,1.12
16.9,171.2,6.19,49.8,58,188.9,189.4,187.8,500.0,500.0,0.0,0.0,0.0,0.3,1.13
16.8,171.6,6.19,49.8,59,188.9,189.5,187.8,500.0,500.0,0.0,0.0,0.0,0.3,1.15
16.8,172.1,6.19,49.8,60,188.9,189.6,187.9,500.0,500.0,0.0,0.0,0.0,0.3,1.16
16.8,172.6,6.19,49.8,61,189.0,189.6,188.1,500.0,500.0,0.0,0.0,0.0,0.3,1.18
16.7,173.0,6.19,49.8,62,189.1,189.6,188.1,500.0,500.0,0.0,0.0,0.0,0.3,1.19
16.8,173.4,6.19,49.8,63,189.1,189.7,188.1,500.0,500.0,0.0,0.0,0.0,0.3,1.20
16.7,173.8,6.19,49.8,64,189.1,189.8,188.1,500.0,500.0,0.0,0.0,0.0,0.3,1.22
16.6,174.2,6.19,49.8,65,189.2,189.9,188.2,500.0,500.0,0.0,0.0,0.0,0.3,1.23
16.5,174.6,6.19,49.8,66,189.3,189.9,188.4,500.0,500.0,0.0,0.0,0.0,0.3,1.25
16.4,175.0,6.19,49.8,67,189.3,189.9,188.5,500.0,500.0,0.0,0.0,0.0,0.3,1.26
16.4,175.4,6.19,49.6,68,189.3,190.0,188.5,500.0,500.0,0.0,0.0,0.0,0.3,1.27
16.4,175.8,6.19,49.8,69,189.3,190.0,188.5,500.0,500.0,0.0,0.0,0.0,0.3,1.29
16.4,176.1,6.19,49.8,70,189.4,190.0,188.7,500.0,500.0,0.0,0.0,0.0,0.3,1.30
16.4,176.5,6.19,49.8,71,189.5,190.0,188.9,500.0,500.0,0.0,0.0,0.0,0.3,1.31
16.4,176.8,6.19,49.8,72,189.6,190.0,189.0,500.0,500.0,0.0,0.0,0.0,0.3,1.33
16.3,177.2,6.19,49.8,73,189.6,190.0,189.0,500.0,500.0,0.0,0.0,0.0,0.3,1.34
16.3,177.5,6.19,49.8,74,189.6,190.0,189.0,500.0,500.0,0.0,0.0,0.0,0.3,1.35
16.2,177.8,6.19,49.8,75,189.7,190.0,189.2,500.0,500.0,0.0,0.0,0.0,0.3,1.37
16.2,178.1,6.19,49.8,76,189.8,190.0,189.4,500.0,500.0,0.0,0.0,0.0,0.3,1.38
16.2,178.4,6.19,49.8,77,189.8,190.0,189.4,500.0,500.0,0.0,0.0,0.0,0.3,1.39
16.2,178.7,6.19,49.8,78,189.9,190.0,189.6,500.0,500.0,0.0,0.0,0.0,0.3,1.41
16.3,179.0,6.19,49.8,79,190.0,190.0,189.8,500.0,500.0,0.0,0.0,0.0,0.3,1.42
16.3,179.3,6.19,49.8,80,190.0,190.0,189.8,500.0,500.0,0.0,0.0,0.0,0.3,1.44
16.2,179.5,6.19,49.8,81,190.0,190.0,189.8,500.0,500.0,0.0,0.0,0.0,0.3,1.45
16.3,179.8,6.19,49.6,82,190.0,190.0,190.0,500.0,500.0,0.0,0.0,0.0,0.3,1.46
16.2,180.0,6.19,49.8,83,190.0,190.0,190.0,500.0,500.0,0.0,0.0,0.0,0.3,1.48
16.1,180.2,6.19,49.8,84,190.0,190.0,190.0,500.0,500.0,0.0,0.0,0.0,0.3,1.49
16.0,180.4,6.19,49.8,85,190.0,190.0,190.0,500.0,500.0,0.0,0.0,0.0,0.3,1.50
15.9,180.5,6.19,49.8,86,190.0,190.0,190.0,500.0,500.0,0.0,0.0,0.0,0.3,1.52
15.8,180.7,6.19,49.8,87,190.0,190.0,190.0,500.0,500.0,0.0,0.0,0.0,0.3,1.53
15.8,181.0,6.19,49.8,88,190.0,190.0,190.0,500.0,500.0,0.0,0.0,0.0,0.3,1.54
15.8,181.2,6.19,49.8,89,190.0,190.0,190.0,500.0,500.0,0.0,0.0,0.0,0.3,1.55
15.8,181.5,6.19,49.8,90,190.0,190.0,190.0,500.0,500.0,0.0,0.0,0.0,0.3,1.57
15.8,181.7,6.19,49.8,91,190.0,190.0,190.0,500.0,500.0,0.0,0.0,0.0,0.3,1.58
15.7,181.9,6.19,49.8,92,190.0,190.0,190.0,500.0,500.0,0.0,0.0,0.0,0.3,1.59
15.7,182.1,6.19,49.8,93,190.0,190.0,190.0,500.0,500.0,0.0,0.0,0.0,0.3,1.61
15.7,182.4,6.19,49.8,94,190.0,190.0,190.0,500.0,500.0,0.0,0.0,0.0,0.3,1.62
15.7,182.6,6.19,49.8,95,190.0,190.0,190.1,500.0,500.0,0.0,0.0,0.0,0.3,1.63
15.7,182.8,6.19,49.8,96,190.0,190.0,190.1,500.0,500.0,0.0,0.0,0.0,0.3,1.65
15.7,183.0,6.19,50.0,97,190.0,190.0,190.2,500.0,500.0,0.0,0.0,0.0,0.3,1.66
15.6,183.2,6.19,49.8,98,190.0,190.0,190.4,500.0,500.0,0.0,0.0,0.0,0.3,1.67
15.6,183.4,6.19,49.8,99,190.0,190.0,190.4,500.0,500.0,0.0,0.0,0.0,0.3,1.68
15.6,183.6,6.19,49.8,100,190.0,190.0,190.4,500.0,500.0,0.0,0.0,0.0,0.3,1.70
15.6,183.8,6.19,49.6,101,190.0,190.0,190.4,500.0,500.0,0.0,0.0,0.0,0.3,1.71
15.6,184.0,6.19,49.6,102,190.0,190.0,190.5,500.0,500.0,0.0,0.0,0.0,0.3,1.72
15.7,184.2,6.19,49.8,103,190.0,190.0,190.6,500.0,500.0,0.0,0.0,0.0,0.3,1.74
15.6,184.4,6.19,49.8,104,190.1,190.0,190.6,500.0,500.0,0.0,0.0,0.0,0.3,1.75
15.6,184.6,6.19,49.8,105,190.1,190.0,190.6,500.0,500.0,0.0,0.0,0.0,0.3,1.76
15.5,184.7,6.19,50.0,106,190.1,190.0,190.6,500.0,500.0,0.0,0.0,0.0,0.3,1.78
15.5,184.9,6.19,50.0,107,190.1,190.0,190.7,500.0,500.0,0.0,0.0,0.0,0.3,1.79
15.5,185.0,6.19,50.0,108,190.1,190.0,190.8,500.0,500.0,0.0,0.0,0.0,0.3,1.80
15.5,185.2,6.19,50.0,109,190.1,190.0,190.8,500.0,500.0,0.0,0.0,0.0,0.3,1.81
15.5,185.4,6.19,50.0,110,190.2,190.0,190.8,500.0,500.0,0.0,0.0,0.0,0.3,1.83
15.5,185.5,6.19,49.8,111,190.2,190.0,190.8,500.0,500.0,0.0,0.0,0.0,0.3,1.84
15.5,185.7,6.19,49.8,112,190.2,190.0,190.8,500.0,500.0,0.0,0.0,0.0,0.3,1.85
15.5,185.8,6.19,49.8,113,190.2,190.0,190.8,500.0,500.0,0.0,0.0,0.0,0.3,1.87
15.5,185.9,6.19,49.8,114,190.2,190.0,190.8,500.0,500.0,0.0,0.0,0.0,0.3,1.88
15.5,186.0,6.19,49.8,115,190.2,190.0,190.8,500.0,500.0,0.0,0.0,0.0,0.3,1.89
15.4,186.1,6.19,49.8,116,190.2,190.0,190.9,500.0,500.0,0.0,0.0,0.0,0.3,1.90
15.3,186.3,6.19,49.8,117,190.3,190.0,190.9,500.0,500.0,0.0,0.0,0.0,0.3,1.92
15.3,186.5,6.19,49.8,118,190.3,190.0,190.9,500.0,500.0,0.0,0.0,0.0,0.3,1.93
15.4,186.6,6.19,49.8,119,190.3,190.0,190.9,500.0,500.0,0.0,0.0,0.0,0.3,1.94
15.4,186.7,6.19,49.8,120,190.3,190.0,190.9,500.0,500.0,0.0,0.0,0.0,0.3,1.96
15.4,186.9,6.19,49.8,121,190.3,190.0,190.9,500.0,500.0,0.0,0.0,0.0,0.3,1.97
15.4,187.0,6.19,49.8,122,190.3,190.0,190.9,500.0,500.0,0.0,0.0,0.0,0.3,1.98
15.4,187.1,6.19,49.8,123,190.3,190.0,190.9,500.0,500.0,0.0,0.0,0.0,0.3,1.99
15.3,187.3,6.19,49.8,124,190.3,190.0,190.9,500.0,500.0,0.0,0.0,0.0,0.3,2.01
15.2,187.4,6.19,49.6,125,190.3,190.0,190.8,500.0,500.0,0.0,0.0,0.0,0.3,2.02
15.2,187.6,6.19,49.8,126,190.3,190.0,190.8,500.0,500.0,0.0,0.0,0.0,0.3,2.03
15.1,187.7,6.19,49.8,127,190.3,190.0,190.8,500.0,500.0,0.0,0.0,0.0,0.3,2.04
15.1,187.8,6.18,49.8,128,190.3,190.1,190.8,500.0,500.0,0.0,0.0,0.0,0.3,2.06
15.1,188.0,6.18,49.8,129,190.3,190.1,190.8,500.0,500.0,0.0,0.0,0.0,0.3,2.07
15.1,188.2,6.18,50.0,130,190.3,190.1,190.8,500.0,500.0,0.0,0.0,0.0,0.3,2.08
15.1,188.3,6.18,49.8,131,190.3,190.1,190.7,500.0,500.0,0.0,0.0,0.0,0.3,2.09
15.0,188.4,6.18,49.8,132,190.3,190.2,190.7,500.0,500.0,0.0,0.0,0.0,0.3,2.11
15.0,188.5,6.19,49.8,133,190.3,190.2,190.7,500.0,500.0,0.0,0.0,0.0,0.3,2.12
14.9,188.6,6.19,49.8,134,190.3,190.2,190.7,500.0,500.0,0.0,0.0,0.0,0.3,2.13
14.9,188.7,6.19,49.6,135,190.3,190.1,190.6,500.0,500.0,0.0,0.0,0.0,0.3,2.14
14.9,188.9,6.19,49.6,136,190.3,190.1,190.6,500.0,500.0,0.0,0.0,0.0,0.3,2.16
14.9,189.0,6.19,49.6,137,190.3,190.1,190.7,500.0,500.0,0.0,0.0,0.0,0.3,2.17
15.0,189.2,6.19,49.6,138,190.4,190.1,190.7,500.0,500.0,0.0,0.0,0.0,0.3,2.18
15.0,189.3,6.18,49.6,139,190.4,190.1,190.7,500.0,500.0,0.0,0.0,0.0,0.3,2.19
15.0,189.4,6.18,49.8,140,190.4,190.1,190.7,500.0,500.0,0.0,0.0,0.0,0.3,2.21
15.0,189.5,6.18,49.8,141,190.4,190.1,190.6,500.0,500.0,0.0,0.0,0.0,0.3,2.22
14.9,189.6,6.18,49.8,142,190.4,190.0,190.6,500.0,500.0,0.0,0.0,0.0,0.3,2.23
14.8,189.7,6.18,49.8,143,190.4,190.0,190.6,500.0,500.0,0.0,0.0,0.0,0.3,2.24
14.8,189.8,6.19,49.6,144,190.4,190.0,190.6,500.0,500.0,0.0,0.0,0.0,0.3,2.26
14.9,189.8,6.19,49.6,145,190.4,190.0,190.6,500.0,500.0,0.0,0.0,0.0,0.3,2.27
14.9,189.9,6.19,49.8,146,190.4,190.0,190.6,500.0,500.0,0.0,0.0,0.0,0.3,2.28
14.8,190.0,6.19,49.8,147,190.4,190.0,190.5,500.0,500.0,0.0,0.0,0.0,0.3,2.29
14.8,190.1,6.19,49.8,148,190.4,190.0,190.5,500.0,500.0,0.0,0.0,0.0,0.3,2.30
14.7,190.2,6.19,50.0,149,190.4,190.0,190.5,500.0,500.0,0.0,0.0,0.0,0.3,2.32
14.7,190.3,6.19,49.8,150,190.4,190.0,190.5,500.0,500.0,0.0,0.0,0.0,0.3,2.33
14.7,190.4,6.19,49.8,151,190.5,190.0,190.4,500.0,500.0,0.0,0.0,0.0,0.3,2.34
14.7,190.5,6.19,49.8,152,190.5,190.0,190.4,500.0,500.0,0.0,0.0,0.0,0.3,2.35
14.7,190.6,6.19,49.8,153,190.5,190.0,190.4,500.0,500.0,0.0,0.0,0.0,0.3,2.37
14.8,190.7,6.19,49.8,154,190.5,190.0,190.4,500.0,500.0,0.0,0.0,0.0,0.3,2.38
14.7,190.8,6.19,49.8,155,190.5,190.0,190.4,500.0,500.0,0.0,0.0,0.0,0.3,2.39
14.7,190.9,6.19,49.8,156,190.5,190.0,190.4,500.0,500.0,0.0,0.0,0.0,0.3,2.40
14.7,191.0,6.19,49.8,157,190.5,190.0,190.4,500.0,500.0,0.0,0.0,0.0,0.3,2.41
14.7,191.1,6.19,49.8,158,190.5,190.0,190.4,500.0,500.0,0.0,0.0,0.0,0.3,2.43
14.6,191.2,6.19,49.8,159,190.5,190.0,190.4,500.0,500.0,0.0,0.0,0.0,0.3,2.44
14.6,191.2,6.19,49.8,160,190.5,190.0,190.4,500.0,500.0,0.0,0.0,0.0,0.3,2.45
14.6,191.3,6.19,49.8,161,190.5,190.0,190.4,500.0,500.0,0.0,0.0,0.0,0.3,2.46
14.5,191.4,6.19,49.8,162,190.5,190.0,190.4,500.0,500.0,0.0,0.0,0.0,0.3,2.47
14.5,191.5,6.19,49.8,163,190.5,190.0,190.4,500.0,500.0,0.0,0.0,0.0,0.3,2.49
14.5,191.6,6.19,49.6,164,190.5,190.0,190.5,500.0,500.0,0.0,0.0,0.0,0.3,2.50
14.5,191.7,6.19,49.8,165,190.5,190.0,190.5,500.0,500.0,0.0,0.0,0.0,0.3,2.51
14.5,191.8,6.19,49.8,166,190.5,190.0,190.5,500.0,500.0,0.0,0.0,0.0,0.3,2.52
14.5,191.9,6.19,49.8,167,190.5,190.0,190.5,500.0,500.0,0.0,0.0,0.0,0.3,2.53
14.5,192.0,6.19,49.8,168,190.5,190.0,190.5,500.0,500.0,0.0,0.0,0.0,0.3,2.55
14.5,192.1,6.19,49.8,169,190.5,190.0,190.6,500.0,500.0,0.0,0.0,0.0,0.3,2.56
14.5,192.2,6.19,49.8,170,190.6,190.0,190.7,500.0,500.0,0.0,0.0,0.0,0.3,2.57
14.5,192.3,6.19,49.8,171,190.6,190.0,190.7,500.0,500.0,0.0,0.0,0.0,0.3,2.58
14.4,192.3,6.19,49.8,172,190.6,190.0,190.7,500.0,500.0,0.0,0.0,0.0,0.3,2.60
14.4,192.4,6.19,49.8,173,190.6,190.0,190.7,500.0,500.0,0.0,0.0,0.0,0.3,2.61
14.4,192.5,6.19,49.8,174,190.6,190.0,190.8,500.0,500.0,0.0,0.0,0.0,0.3,2.62
14.4,192.6,6.19,49.8,175,190.6,190.0,190.8,500.0,500.0,0.0,0.0,0.0,0.3,2.63
14.4,192.6,6.19,49.8,176,190.6,190.0,190.8,500.0,500.0,0.0,0.0,0.0,0.3,2.64
14.4,192.6,6.19,49.8,177,190.6,190.0,190.8,500.0,500.0,0.0,0.0,0.0,0.3,2.65
14.4,192.7,6.19,49.8,178,190.7,190.0,190.9,500.0,500.0,0.0,0.0,0.0,0.3,2.67
14.3,192.8,6.19,50.0,179,190.7,190.0,191.0,500.0,500.0,0.0,0.0,0.0,0.3,2.68
14.2,192.9,6.19,50.0,180,190.7,190.1,191.0,500.0,500.0,0.0,0.0,0.0,0.3,2.69
14.1,193.0,6.19,50.0,181,190.7,190.2,191.0,500.0,500.0,0.0,0.0,0.0,0.3,2.70
14.1,193.0,6.19,50.0,182,190.7,190.2,191.0,500.0,500.0,0.0,0.0,0.0,0.3,2.71
14.1,193.1,6.19,50.0,183,190.7,190.2,191.0,500.0,500.0,0.0,0.0,0.0,0.3,2.73
14.2,193.2,6.19,49.8,184,190.7,190.2,191.1,500.0,500.0,0.0,0.0,0.0,0.3,2.74
14.2,193.3,6.19,49.8,185,190.7,190.2,191.2,500.0,500.0,0.0,0.0,0.0,0.3,2.75
14.2,193.3,6.19,49.8,186,190.7,190.2,191.2,500.0,500.0,0.0,0.0,0.0,0.3,2.76
14.2,193.4,6.19,49.8,187,190.7,190.2,191.2,500.0,500.0,0.0,0.0,0.0,0.3,2.77
14.2,193.5,6.19,49.6,188,190.7,190.0,191.2,500.0,500.0,0.0,0.0,0.0,0.3,2.78
14.2,193.6,6.19,49.8,189,190.7,190.0,191.3,500.0,500.0,0.0,0.0,0.0,0.3,2.80
14.2,193.7,6.19,49.8,190,190.7,190.0,191.4,500.0,500.0,0.0,0.0,0.0,0.3,2.81
14.1,193.7,6.19,49.8,191,190.7,190.0,191.4,500.0,500.0,0.0,0.0,0.0,0.3,2.82
14.1,193.8,6.19,49.8,192,190.7,190.0,191.4,500.0,500.0,0.0,0.0,0.0,0.3,2.83
14.1,193.8,6.19,50.0,193,190.7,190.0,191.4,500.0,500.0,0.0,0.0,0.0,0.3,2.84
14.1,193.9,6.19,49.8,194,190.8,190.0,191.4,500.0,500.0,0.0,0.0,0.0,0.3,2.85
14.0,194.0,6.19,49.8,195,190.8,190.0,191.5,500.0,500.0,0.0,0.0,0.0,0.3,2.87
14.1,194.1,6.19,49.8,196,190.8,190.0,191.6,500.0,500.0,0.0,0.0,0.0,0.3,2.88
14.0,194.2,6.19,49.8,197,190.8,190.0,191.6,500.0,500.0,0.0,0.0,0.0,0.3,2.89
14.0,194.2,6.19,49.8,198,190.8,190.0,191.6,500.0,500.0,0.0,0.0,0.0,0.3,2.90
13.9,194.3,6.19,49.8,199,190.8,190.0,191.6,500.0,500.0,0.0,0.0,0.0,0.3,2.91
14.0,194.4,6.19,49.8,200,190.8,190.0,191.6,500.0,500.0,0.0,0.0,0.0,0.3,2.92
13.9,194.4,6.19,49.8,201,190.8,190.0,191.6,500.0,500.0,0.0,0.0,0.0,0.3,2.94
14.0,194.5,6.19,49.8,202,190.8,190.0,191.6,500.0,500.0,0.0,0.0,0.0,0.3,2.95
14.0,194.6,6.19,49.8,203,190.8,190.0,191.6,500.0,500.0,0.0,0.0,0.0,0.3,2.96
14.0,194.6,6.19,50.0,204,190.8,190.0,191.7,500.0,500.0,0.0,0.0,0.0,0.3,2.97
14.0,194.7,6.19,50.0,205,190.8,190.0,191.7,500.0,500.0,0.0,0.0,0.0,0.3,2.98
14.0,194.7,6.19,50.0,206,190.8,190.0,191.7,500.0,500.0,0.0,0.0,0.0,0.3,2.99
14.0,194.8,6.19,49.8,207,190.8,190.0,191.7,500.0,500.0,0.0,0.0,0.0,0.3,3.01
14.1,194.8,6.19,49.6,208,190.8,190.0,191.8,500.0,500.0,0.0,0.0,0.0,0.3,3.02
14.1,194.9,6.19,49.6,209,190.8,190.0,191.8,500.0,500.0,0.0,0.0,0.0,0.3,3.03
14.1,195.0,6.19,49.6,210,190.8,190.0,191.8,500.0,500.0,0.0,0.0,0.0,0.3,3.04
14.1,195.0,6.19,49.6,211,190.8,190.0,191.8,500.0,500.0,0.0,0.0,0.0,0.3,3.05
14.1,195.1,6.19,49.8,212,190.8,190.0,191.8,500.0,500.0,0.0,0.0,0.0,0.3,3.06
14.1,195.1,6.19,49.8,213,190.8,190.0,191.8,500.0,500.0,0.0,0.0,0.0,0.3,3.08
14.1,195.2,6.19,49.8,214,190.8,190.0,191.8,500.0,500.0,0.0,0.0,0.0,0.3,3.09
14.1,195.2,6.19,49.8,215,190.8,190.0,191.8,500.0,500.0,0.0,0.0,0.0,0.3,3.10
14.0,195.3,6.19,49.8,216,190.9,190.0,191.8,500.0,500.0,0.0,0.0,0.0,0.3,3.11
14.0,195.4,6.19,49.8,217,190.9,190.0,191.8,500.0,500.0,0.0,0.0,0.0,0.3,3.12
14.0,195.4,6.19,49.8,218,190.9,190.0,191.8,500.0,500.0,0.0,0.0,0.0,0.3,3.13
14.0,195.5,6.19,49.8,219,190.9,190.0,191.8,500.0,500.0,0.0,0.0,0.0,0.3,3.15
14.0,195.6,6.19,49.8,220,190.9,190.0,191.8,500.0,500.0,0.0,0.0,0.0,0.3,3.16
14.0,195.6,6.19,49.8,221,190.9,190.0,191.8,500.0,500.0,0.0,0.0,0.0,0.3,3.17
14.0,195.6,6.19,49.6,222,190.9,190.0,191.8,500.0,500.0,0.0,0.0,0.0,0.3,3.18
14.0,195.7,6.19,49.8,223,190.9,190.0,191.8,500.0,500.0,0.0,0.0,0.0,0.3,3.19
14.0,195.7,6.19,49.6,224,190.9,190.0,191.8,500.0,500.0,0.0,0.0,0.0,0.3,3.20
13.9,195.8,6.19,49.6,225,190.9,190.0,191.8,500.0,500.0,0.0,0.0,0.0,0.3,3.22
14.0,195.8,6.19,49.6,226,190.9,190.1,191.8,500.0,500.0,0.0,0.0,0.0,0.3,3.23
13.9,195.9,6.19,49.8,227,190.9,190.1,191.8,500.0,500.0,0.0,0.0,0.0,0.3,3.24
13.9,195.9,6.19,49.6,228,190.9,190.1,191.8,500.0,500.0,0.0,0.0,0.0,0.3,3.25
13.9,196.0,6.19,49.8,229,190.9,190.1,191.8,500.0,500.0,0.0,0.0,0.0,0.3,3.26
13.9,196.1,6.19,49.8,230,190.9,190.2,191.7,500.0,500.0,0.0,0.0,0.0,0.3,3.27
13.9,196.1,6.19,49.8,231,190.9,190.2,191.7,500.0,500.0,0.0,0.0,0.0,0.3,3.28
13.9,196.1,6.19,49.6,232,190.9,190.2,191.6,500.0,500.0,0.0,0.0,0.0,0.3,3.30
13.9,196.1,6.19,49.8,233,190.9,190.2,191.6,500.0,500.0,0.0,0.0,0.0,0.3,3.31
13.9,196.2,6.19,49.8,234,190.9,190.2,191.6,500.0,500.0,0.0,0.0,0.0,0.3,3.32
14.0,196.3,6.19,49.8,235,190.9,190.2,191.6,500.0,500.0,0.0,0.0,0.0,0.3,3.33
14.0,196.3,6.19,49.8,236,190.9,190.2,191.6,500.0,500.0,0.0,0.0,0.0,0.3,3.34
13.9,196.4,6.19,50.0,237,190.9,190.2,191.5,500.0,500.0,0.0,0.0,0.0,0.3,3.35
13.9,196.4,6.19,50.0,238,190.9,190.1,191.4,500.0,500.0,0.0,0.0,0.0,0.3,3.37
13.9,196.4,6.19,50.0,239,190.9,190.0,191.4,500.0,500.0,0.0,0.0,0.0,0.3,3.38
13.9,196.5,6.19,50.0,240,190.9,190.0,191.4,500.0,500.0,0.0,0.0,0.0,0.3,3.39
13.8,196.6,6.19,50.0,241,190.9,190.0,191.4,500.0,500.0,0.0,0.0,0.0,0.3,3.40
13.8,196.6,6.19,50.0,242,190.9,190.0,191.4,500.0,500.0,0.0,0.0,0.0,0.3,3.41
13.8,196.6,6.19,49.8,243,190.9,190.0,191.4,500.0,500.0,0.0,0.0,0.0,0.3,3.42
13.8,196.7,6.19,49.8,244,190.9,190.0,191.3,500.0,500.0,0.0,0.0,0.0,0.3,3.43
13.8,196.7,6.19,49.8,245,190.9,190.0,191.2,500.0,500.0,0.0,0.0,0.0,0.3,3.45
13.9,196.8,6.19,49.6,246,190.8,190.0,191.2,500.0,500.0,0.0,0.0,0.0,0.3,3.46
14.0,196.8,6.19,49.6,247,190.8,190.0,191.2,500.0,500.0,0.0,0.0,0.0,0.3,3.47
13.9,196.8,6.19,49.8,248,190.8,190.0,191.2,500.0,500.0,0.0,0.0,0.0,0.3,3.48
13.9,196.9,6.19,49.8,249,190.8,190.0,191.1,500.0,500.0,0.0,0.0,0.0,0.3,3.49
13.8,196.9,6.19,49.8,250,190.8,190.0,191.1,500.0,500.0,0.0,0.0,0.0,0.3,3.50
13.8,197.0,6.19,50.0,251,190.8,190.0,191.1,500.0,500.0,0.0,0.0,0.0,0.3,3.52
13.8,197.1,6.19,49.8,252,190.8,190.0,191.1,500.0,500.0,0.0,0.0,0.0,0.3,3.53
13.8,197.2,6.19,49.8,253,190.9,190.0,191.1,500.0,500.0,0.0,0.0,0.0,0.3,3.54
13.8,197.2,6.19,49.8,254,190.9,190.0,191.1,500.0,500.0,0.0,0.0,0.0,0.3,3.55
13.9,197.2,6.19,49.8,255,190.9,190.0,191.1,500.0,500.0,0.0,0.0,0.0,0.3,3.56
13.9,197.3,6.19,49.8,256,190.9,190.0,191.0,500.0,500.0,0.0,0.0,0.0,0.3,3.57
13.9,197.3,6.19,49.8,257,190.9,190.0,190.9,500.0,500.0,0.0,0.0,0.0,0.3,3.58
13.8,197.3,6.19,49.8,258,190.9,190.0,190.9,500.0,500.0,0.0,0.0,0.0,0.3,3.60
13.8,197.4,6.19,49.8,259,190.9,190.0,190.9,500.0,500.0,0.0,0.0,0.0,0.3,3.61
13.8,197.4,6.19,49.8,260,190.9,190.0,190.9,500.0,500.0,0.0,0.0,0.0,0.3,3.62
13.8,197.4,6.19,49.8,261,190.9,190.0,190.9,500.0,500.0,0.0,0.0,0.0,0.3,3.63
13.8,197.4,6.19,49.8,262,190.9,190.0,190.9,500.0,500.0,0.0,0.0,0.0,0.3,3.64
13.8,197.5,6.19,49.8,263,190.9,190.0,190.8,500.0,500.0,0.0,0.0,0.0,0.3,3.65
13.8,197.5,6.19,49.8,264,190.9,190.0,190.7,500.0,500.0,0.0,0.0,0.0,0.3,3.66
13.9,197.6,6.19,49.8,265,190.9,190.0,190.7,500.0,500.0,0.0,0.0,0.0,0.3,3.68
13.8,197.6,6.19,49.8,266,190.9,190.0,190.7,500.0,500.0,0.0,0.0,0.0,0.3,3.69
13.7,197.6,6.19,50.0,267,190.9,190.0,190.7,500.0,500.0,0.0,0.0,0.0,0.3,3.70
13.7,197.6,6.19,49.8,268,190.9,190.0,190.7,500.0,500.0,0.0,0.0,0.0,0.3,3.71
13.7,197.7,6.19,49.8,269,190.9,190.0,190.7,500.0,500.0,0.0,0.0,0.0,0.3,3.72
13.6,197.7,6.19,49.8,270,190.9,190.0,190.7,500.0,500.0,0.0,0.0,0.0,0.3,3.73
13.7,197.7,6.19,49.8,271,190.9,190.0,190.7,500.0,500.0,0.0,0.0,0.0,0.3,3.74
13.7,197.7,6.19,49.8,272,190.9,190.0,190.6,500.0,500.0,0.0,0.0,0.0,0.3,3.76
13.7,197.8,6.19,50.0,273,190.8,190.0,190.6,500.0,500.0,0.0,0.0,0.0,0.3,3.77
13.7,197.8,6.19,50.0,274,190.8,190.0,190.6,500.0,500.0,0.0,0.0,0.0,0.3,3.78
13.7,197.8,6.19,50.0,275,190.8,190.0,190.6,500.0,500.0,0.0,0.0,0.0,0.3,3.79
13.6,197.9,6.19,50.0,276,190.8,190.0,190.6,500.0,500.0,0.0,0.0,0.0,0.3,3.80
13.7,197.9,6.19,49.8,277,190.8,190.1,190.5,500.0,500.0,0.0,0.0,0.0,0.3,3.81
13.8,197.9,6.19,49.8,278,190.8,190.1,190.5,500.0,500.0,0.0,0.0,0.0,0.3,3.82
13.9,197.9,6.19,49.8,279,190.8,190.1,190.5,500.0,500.0,0.0,0.0,0.0,0.3,3.84
13.8,198.0,6.19,49.8,280,190.8,190.1,190.5,500.0,500.0,0.0,0.0,0.0,0.3,3.85
13.8,198.0,6.19,49.8,281,190.8,190.1,190.5,500.0,500.0,0.0,0.0,0.0,0.3,3.86
13.8,198.0,6.19,49.8,282,190.8,190.1,190.5,500.0,500.0,0.0,0.0,0.0,0.3,3.87
13.8,198.0,6.19,49.8,283,190.8,190.1,190.5,500.0,500.0,0.0,0.0,0.0,0.3,3.88
13.8,198.1,6.19,49.8,284,190.7,190.1,190.5,500.0,500.0,0.0,0.0,0.0,0.3,3.89
13.9,198.1,6.19,49.8,285,190.7,190.1,190.5,500.0,500.0,0.0,0.0,0.0,0.3,3.90
13.8,198.1,6.19,49.8,286,190.7,190.1,190.5,500.0,500.0,0.0,0.0,0.0,0.3,3.92
13.8,198.1,6.19,49.8,287,190.7,190.1,190.5,500.0,500.0,0.0,0.0,0.0,0.3,3.93
13.8,198.1,6.19,49.8,288,190.7,190.1,190.5,500.0,500.0,0.0,0.0,0.0,0.3,3.94
13.8,198.1,6.19,49.8,289,190.7,190.0,190.5,500.0,500.0,0.0,0.0,0.0,0.3,3.95
13.8,198.2,6.19,49.8,290,190.7,190.0,190.5,500.0,500.0,0.0,0.0,0.0,0.3,3.96
13.7,198.2,6.19,49.6,291,190.7,190.0,190.5,500.0,500.0,0.0,0.0,0.0,0.3,3.97
13.7,198.2,6.19,49.8,292,190.7,190.0,190.5,500.0,500.0,0.0,0.0,0.0,0.3,3.98
13.7,198.2,6.19,49.8,293,190.7,190.0,190.5,500.0,500.0,0.0,0.0,0.0,0.3,4.00
13.7,198.3,6.19,49.8,294,190.7,190.0,190.5,500.0,500.0,0.0,0.0,0.0,0.3,4.01
13.6,198.3,6.19,49.8,295,190.7,190.0,190.5,500.0,500.0,0.0,0.0,0.0,0.3,4.02
13.7,198.3,6.19,50.0,296,190.7,190.0,190.5,500.0,500.0,0.0,0.0,0.0,0.3,4.03
13.6,198.4,6.19,50.0,297,190.7,190.0,190.5,500.0,500.0,0.0,0.0,0.0,0.3,4.04
13.6,198.4,6.19,50.0,298,190.6,190.0,190.5,500.0,500.0,0.0,0.0,0.0,0.3,4.05
13.6,198.4,6.19,50.0,299,190.6,190.0,190.5,500.0,500.0,0.0,0.0,0.0,0.3,4.06
13.6,198.5,6.19,50.0,300,190.7,190.0,190.5,500.0,500.0,0.0,0.0,0.0,0.3,4.08
13.6,198.5,6.19,49.8,301,190.7,190.0,190.5,500.0,500.0,0.0,0.0,0.0,0.3,4.09
13.6,198.6,6.19,49.8,302,190.7,190.0,190.6,500.0,500.0,0.0,0.0,0.0,0.3,4.10
13.7,198.6,6.19,49.8,303,190.7,190.0,190.6,500.0,500.0,0.0,0.0,0.0,0.3,4.11
13.7,198.6,6.19,49.8,304,190.7,190.0,190.6,500.0,500.0,0.0,0.0,0.0,0.3,4.12
13.7,198.6,6.19,49.8,305,190.7,190.0,190.6,500.0,500.0,0.0,0.0,0.0,0.3,4.13
13.7,198.7,6.19,50.0,306,190.7,190.0,190.6,500.0,500.0,0.0,0.0,0.0,0.3,4.14
13.6,198.7,6.19,49.8,307,190.7,190.0,190.6,500.0,500.0,0.0,0.0,0.0,0.3,4.15
13.6,198.7,6.19,49.8,308,190.7,190.0,190.7,500.0,500.0,0.0,0.0,0.0,0.3,4.17
13.7,198.8,6.19,49.8,309,190.7,190.0,190.7,500.0,500.0,0.0,0.0,0.0,0.3,4.18
13.8,198.8,6.19,49.6,310,190.7,190.0,190.7,500.0,500.0,0.0,0.0,0.0,0.3,4.19
13.8,198.8,6.19,49.6,311,190.7,190.0,190.7,500.0,500.0,0.0,0.0,0.0,0.3,4.20
13.9,198.8,6.19,49.6,312,190.6,190.0,190.7,500.0,500.0,0.0,0.0,0.0,0.3,4.21
13.9,198.8,6.19,49.6,313,190.6,190.0,190.7,500.0,500.0,0.0,0.0,0.0,0.3,4.22
13.9,198.8,6.19,49.6,314,190.6,190.0,190.7,500.0,500.0,0.0,0.0,0.0,0.3,4.23
13.8,198.9,6.19,49.8,315,190.6,190.0,190.7,500.0,500.0,0.0,0.0,0.0,0.3,4.25
13.8,198.9,6.19,49.8,316,190.6,190.0,190.7,500.0,500.0,0.0,0.0,0.0,0.3,4.26
13.7,198.9,6.19,50.0,317,190.6,190.0,190.7,500.0,500.0,0.0,0.0,0.0,0.3,4.27
13.6,198.9,6.19,50.0,318,190.6,190.0,190.7,500.0,500.0,0.0,0.0,0.0,0.3,4.28
13.6,198.9,6.19,50.0,319,190.6,190.0,190.7,500.0,500.0,0.0,0.0,0.0,0.3,4.29
13.7,199.0,6.19,49.8,320,190.6,190.0,190.7,500.0,500.0,0.0,0.0,0.0,0.3,4.30
13.7,199.0,6.19,49.8,321,190.6,190.0,190.7,500.0,500.0,0.0,0.0,0.0,0.3,4.31
13.6,199.0,6.19,49.8,322,190.6,190.0,190.7,500.0,500.0,0.0,0.0,0.0,0.3,4.33
13.6,199.0,6.19,49.8,323,190.5,190.0,190.7,500.0,500.0,0.0,0.0,0.0,0.3,4.34
13.6,199.0,6.19,49.8,324,190.5,190.0,190.7,500.0,500.0,0.0,0.0,0.0,0.3,4.35
13.7,199.0,6.19,50.0,325,190.5,190.0,190.7,500.0,500.0,0.0,0.0,0.0,0.3,4.36
13.7,199.0,6.19,49.8,326,190.5,190.0,190.7,500.0,500.0,0.0,0.0,0.0,0.3,4.37
13.7,199.1,6.19,49.8,327,190.5,190.0,190.7,500.0,500.0,0.0,0.0,0.0,0.3,4.38
13.8,199.1,6.19,49.8,328,190.5,190.0,190.7,500.0,500.0,0.0,0.0,0.0,0.3,4.39
13.8,199.1,6.19,49.8,329,190.5,190.1,190.7,500.0,500.0,0.0,0.0,0.0,0.3,4.41
13.7,199.1,6.19,49.8,330,190.5,190.1,190.7,500.0,500.0,0.0,0.0,0.0,0.3,4.42
13.7,199.1,6.19,49.8,331,190.5,190.1,190.7,500.0,500.0,0.0,0.0,0.0,0.3,4.43
13.7,199.1,6.19,49.8,332,190.4,190.1,190.7,500.0,500.0,0.0,0.0,0.0,0.3,4.44
13.7,199.2,6.19,49.8,333,190.4,190.1,190.7,500.0,500.0,0.0,0.0,0.0,0.3,4.45
13.7,199.2,6.19,49.8,334,190.4,190.1,190.7,500.0,500.0,0.0,0.0,0.0,0.3,4.46
13.7,199.2,6.19,49.6,335,190.4,190.1,190.7,500.0,500.0,0.0,0.0,0.0,0.3,4.47
13.8,199.2,6.19,49.8,336,190.4,190.1,190.7,500.0,500.0,0.0,0.0,0.0,0.3,4.48
13.8,199.2,6.19,49.8,337,190.4,190.1,190.7,500.0,500.0,0.0,0.0,0.0,0.3,4.50
13.7,199.2,6.19,49.8,338,190.4,190.0,190.7,500.0,500.0,0.0,0.0,0.0,0.3,4.51
13.6,199.3,6.19,49.8,339,190.4,190.0,190.7,500.0,500.0,0.0,0.0,0.0,0.3,4.52
13.6,199.3,6.19,49.8,340,190.4,190.0,190.7,500.0,500.0,0.0,0.0,0.0,0.3,4.53
13.6,199.3,6.19,49.8,341,190.4,190.0,190.6,500.0,500.0,0.0,0.0,0.0,0.3,4.54
13.6,199.3,6.19,49.8,342,190.4,190.0,190.6,500.0,500.0,0.0,0.0,0.0,0.3,4.55
13.7,199.3,6.19,49.8,343,190.4,190.0,190.6,500.0,500.0,0.0,0.0,0.0,0.3,4.56
13.7,199.4,6.18,49.8,344,190.4,190.0,190.6,500.0,500.0,0.0,0.0,0.0,0.3,4.58
13.8,199.4,6.18,49.8,345,190.3,190.0,190.6,500.0,500.0,0.0,0.0,0.0,0.3,4.59
13.8,199.4,6.18,49.8,346,190.3,190.0,190.6,500.0,500.0,0.0,0.0,0.0,0.3,4.60
13.9,199.4,6.18,49.8,347,190.3,190.0,190.6,500.0,500.0,0.0,0.0,0.0,0.3,4.61
13.9,199.4,6.18,49.8,348,190.3,190.0,190.5,500.0,500.0,0.0,0.0,0.0,0.3,4.62
13.8,199.5,6.19,49.8,349,190.3,190.0,190.5,500.0,500.0,0.0,0.0,0.0,0.3,4.63
13.7,199.5,6.19,50.0,350,190.3,190.0,190.5,500.0,500.0,0.0,0.0,0.0,0.3,4.64
13.7,199.5,6.19,49.8,351,190.3,190.0,190.5,500.0,500.0,0.0,0.0,0.0,0.3,4.66
13.7,199.5,6.19,49.8,352,190.3,190.0,190.5,500.0,500.0,0.0,0.0,0.0,0.3,4.67
13.7,199.5,6.19,49.8,353,190.3,190.0,190.4,500.0,500.0,0.0,0.0,0.0,0.3,4.68
13.7,199.5,6.19,49.6,354,190.3,190.0,190.4,500.0,500.0,0.0,0.0,0.0,0.3,4.69
13.8,199.5,6.19,49.6,355,190.3,190.0,190.4,500.0,500.0,0.0,0.0,0.0,0.3,4.70
13.8,199.5,6.19,49.6,356,190.3,190.0,190.4,500.0,500.0,0.0,0.0,0.0,0.3,4.71
13.7,199.5,6.19,49.6,357,190.3,190.0,190.4,500.0,500.0,0.0,0.0,0.0,0.3,4.72
13.7,199.5,6.19,49.6,358,190.3,190.0,190.3,500.0,500.0,0.0,0.0,0.0,0.3,4.74
13.7,199.5,6.19,49.8,359,190.3,190.0,190.3,500.0,500.0,0.0,0.0,0.0,0.3,4.75
13.7,199.5,6.19,49.6,360,190.3,190.0,190.3,500.0,500.0,0.0,0.0,0.0,0.3,4.76
13.7,199.6,6.19,49.8,361,190.3,190.0,190.3,500.0,500.0,0.0,0.0,0.0,0.3,4.77
13.7,199.5,6.19,49.8,362,190.3,190.0,190.2,500.0,500.0,0.0,0.0,0.0,0.3,4.78
13.7,199.5,6.19,49.8,363,190.3,190.0,190.2,500.0,500.0,0.0,0.0,0.0,0.3,4.79
13.7,199.5,6.19,49.8,364,190.3,190.0,190.2,500.0,500.0,0.0,0.0,0.0,0.3,4.80
13.6,199.5,6.19,49.8,365,190.3,190.0,190.2,500.0,500.0,0.0,0.0,0.0,0.3,4.81
13.6,199.5,6.19,49.8,366,190.3,190.0,190.1,500.0,500.0,0.0,0.0,0.0,0.3,4.83
13.7,199.6,6.19,49.8,367,190.3,190.0,190.1,500.0,500.0,0.0,0.0,0.0,0.3,4.84
13.7,199.6,6.19,49.8,368,190.3,190.0,190.1,500.0,500.0,0.0,0.0,0.0,0.3,4.85
13.8,199.6,6.19,49.8,369,190.3,190.0,190.1,500.0,500.0,0.0,0.0,0.0,0.3,4.86
13.9,199.6,6.19,49.8,370,190.3,190.0,190.1,500.0,500.0,0.0,0.0,0.0,0.3,4.87
13.9,199.6,6.19,49.8,371,190.3,190.0,190.0,500.0,500.0,0.0,0.0,0.0,0.3,4.88
13.9,199.6,6.19,49.8,372,190.3,190.0,190.0,500.0,500.0,0.0,0.0,0.0,0.3,4.89
13.9,199.6,6.19,49.8,373,190.3,190.0,190.0,500.0,500.0,0.0,0.0,0.0,0.3,4.91
13.8,199.6,6.19,49.8,374,190.3,190.0,190.0,500.0,500.0,0.0,0.0,0.0,0.3,4.92
13.8,199.7,6.19,50.0,375,190.3,190.0,190.0,500.0,500.0,0.0,0.0,0.0,0.3,4.93
13.7,199.7,6.19,49.8,376,190.3,190.0,190.0,500.0,500.0,0.0,0.0,0.0,0.3,4.94
13.7,199.7,6.19,49.8,377,190.3,190.0,190.0,500.0,500.0,0.0,0.0,0.0,0.3,4.95
13.8,199.7,6.19,49.8,378,190.3,190.0,190.0,500.0,500.0,0.0,0.0,0.0,0.3,4.96
13.8,199.7,6.19,49.6,379,190.3,190.0,190.0,500.0,500.0,0.0,0.0,0.0,0.3,4.98
13.9,199.7,6.19,49.6,380,190.2,190.0,190.0,500.0,500.0,0.0,0.0,0.0,0.3,4.99
13.8,199.7,6.19,49.8,381,190.2,190.0,190.0,500.0,500.0,0.0,0.0,0.0,0.3,5.00
13.8,199.7,6.19,49.8,382,190.2,190.0,190.0,500.0,500.0,0.0,0.0,0.0,0.3,5.01
13.8,199.8,6.19,49.8,383,190.2,190.0,190.0,500.0,500.0,0.0,0.0,0.0,0.3,5.02
13.8,199.8,6.19,50.0,384,190.2,190.0,190.0,500.0,500.0,0.0,0.0,0.0,0.3,5.03
13.7,199.9,6.19,49.8,385,190.2,190.0,190.0,500.0,500.0,0.0,0.0,0.0,0.3,5.04
13.8,199.9,6.19,49.8,386,190.3,190.0,190.0,500.0,500.0,0.0,0.0,0.0,0.3,5.06
13.8,199.9,6.19,49.8,387,190.3,190.0,190.0,500.0,500.0,0.0,0.0,0.0,0.3,5.07
13.8,199.9,6.19,49.8,388,190.3,190.0,190.0,500.0,500.0,0.0,0.0,0.0,0.3,5.08
13.8,199.9,6.19,49.6,389,190.3,190.0,190.0,500.0,500.0,0.0,0.0,0.0,0.3,5.09
13.8,199.9,6.19,49.8,390,190.3,190.0,190.0,500.0,500.0,0.0,0.0,0.0,0.3,5.10
13.8,199.9,6.19,49.8,391,190.3,190.0,190.0,500.0,500.0,0.0,0.0,0.0,0.3,5.11
13.7,199.9,6.19,49.8,392,190.3,190.0,190.0,500.0,500.0,0.0,0.0,0.0,0.3,5.12
13.7,199.9,6.19,49.8,393,190.3,190.0,190.0,500.0,500.0,0.0,0.0,0.0,0.3,5.14
13.7,199.9,6.19,50.0,394,190.3,190.0,190.0,500.0,500.0,0.0,0.0,0.0,0.3,5.15
13.8,200.0,6.19,49.8,395,190.3,190.0,190.0,500.0,500.0,0.0,0.0,0.0,0.3,5.16
13.8,200.0,6.19,49.8,396,190.3,190.0,190.0,500.0,500.0,0.0,0.0,0.0,0.3,5.17
13.8,199.9,6.19,49.8,397,190.3,190.0,190.0,500.0,500.0,0.0,0.0,0.0,0.3,5.18
13.8,199.9,6.19,49.8,398,190.3,190.0,190.0,500.0,500.0,0.0,0.0,0.0,0.3,5.19
13.8,199.9,6.19,49.8,399,190.3,190.0,190.0,500.0,500.0,0.0,0.0,0.0,0.3,5.20
13.7,199.9,6.19,49.8,400,190.3,190.0,190.0,500.0,500.0,0.0,0.0,0.0,0.3,5.22
13.7,199.9,6.19,49.8,401,190.3,190.0,190.0,500.0,500.0,0.0,0.0,0.0,0.3,5.23
13.8,200.0,6.19,49.8,402,190.3,190.0,190.0,500.0,500.0,0.0,0.0,0.0,0.3,5.24
13.8,200.0,6.19,49.8,403,190.2,190.0,190.0,500.0,500.0,0.0,0.0,0.0,0.3,5.25
13.8,200.0,6.19,49.6,404,190.2,190.0,190.0,500.0,500.0,0.0,0.0,0.0,0.3,5.26
13.8,200.0,6.19,49.8,405,190.2,190.0,190.0,500.0,500.0,0.0,0.0,0.0,0.3,5.27
13.8,200.0,6.19,49.8,406,190.2,190.0,190.0,500.0,500.0,0.0,0.0,0.0,0.3,5.28
13.7,200.0,6.19,49.8,407,190.2,190.0,190.0,500.0,500.0,0.0,0.0,0.0,0.3,5.30
13.7,200.0,6.19,49.8,408,190.2,190.0,190.0,500.0,500.0,0.0,0.0,0.0,0.3,5.31
13.7,200.1,6.19,49.8,409,190.2,190.0,190.0,500.0,500.0,0.0,0.0,0.0,0.3,5.32
13.7,200.1,6.19,49.8,410,190.2,190.0,190.0,500.0,500.0,0.0,0.0,0.0,0.3,5.33
13.8,200.1,6.19,49.8,411,190.2,190.0,190.0,500.0,500.0,0.0,0.0,0.0,0.3,5.34
13.8,200.1,6.19,49.8,412,190.2,190.0,190.0,500.0,500.0,0.0,0.0,0.0,0.3,5.35
13.9,200.1,6.19,49.8,413,190.2,190.0,190.0,500.0,500.0,0.0,0.0,0.0,0.3,5.36
13.9,200.1,6.19,49.8,414,190.2,190.0,190.0,500.0,500.0,0.0,0.0,0.0,0.3,5.38
13.9,200.1,6.19,49.8,415,190.2,190.0,190.0,500.0,500.0,0.0,0.0,0.0,0.3,5.39
13.9,200.1,6.19,49.8,416,190.2,190.0,190.0,500.0,500.0,0.0,0.0,0.0,0.3,5.40
13.9,200.1,6.19,49.8,417,190.2,190.0,190.0,500.0,500.0,0.0,0.0,0.0,0.3,5.41
13.9,200.1,6.19,49.8,418,190.1,190.0,190.0,500.0,500.0,0.0,0.0,0.0,0.3,5.42
13.9,200.1,6.19,50.0,419,190.1,190.0,190.0,500.0,500.0,0.0,0.0,0.0,0.3,5.43
13.9,200.2,6.19,49.8,420,190.1,190.0,190.0,500.0,500.0,0.0,0.0,0.0,0.3,5.44
13.9,200.2,6.19,49.8,421,190.1,190.0,190.0,500.0,500.0,0.0,0.0,0.0,0.3,5.46
13.9,200.2,6.19,49.8,422,190.1,190.0,190.0,500.0,500.0,0.0,0.0,0.0,0.3,5.47
13.8,200.2,6.19,49.6,423,190.1,190.0,190.0,500.0,500.0,0.0,0.0,0.0,0.3,5.48
13.8,200.2,6.19,49.6,424,190.1,190.0,190.0,500.0,500.0,0.0,0.0,0.0,0.3,5.49
13.8,200.2,6.19,49.8,425,190.1,190.0,190.1,500.0,500.0,0.0,0.0,0.0,0.3,5.50
13.8,200.2,6.19,49.8,426,190.1,190.0,190.1,500.0,500.0,0.0,0.0,0.0,0.3,5.51
13.8,200.2,6.19,49.8,427,190.1,190.0,190.1,500.0,500.0,0.0,0.0,0.0,0.3,5.52
13.9,200.2,6.19,49.8,428,190.1,190.0,190.1,500.0,500.0,0.0,0.0,0.0,0.3,5.54
13.9,200.2,6.19,49.8,429,190.1,190.0,190.1,500.0,500.0,0.0,0.0,0.0,0.3,5.55
13.9,200.2,6.19,49.8,430,190.1,190.0,190.1,500.0,500.0,0.0,0.0,0.0,0.3,5.56
13.8,200.2,6.19,49.8,431,190.1,190.0,190.1,500.0,500.0,0.0,0.0,0.0,0.3,5.57
13.8,200.2,6.19,49.8,432,190.0,190.0,190.1,500.0,500.0,0.0,0.0,0.0,0.3,5.58
13.7,200.2,6.19,49.8,433,190.0,190.0,190.1,500.0,500.0,0.0,0.0,0.0,0.3,5.59
13.7,200.2,6.19,49.8,434,190.0,190.0,190.1,500.0,500.0,0.0,0.0,0.0,0.3,5.60
13.8,200.2,6.19,49.8,435,190.0,190.0,190.1,500.0,500.0,0.0,0.0,0.0,0.3,5.62
13.9,200.3,6.19,49.8,436,190.0,190.0,190.1,500.0,500.0,0.0,0.0,0.0,0.3,5.63
13.9,200.3,6.19,49.8,437,190.0,190.0,190.1,500.0,500.0,0.0,0.0,0.0,0.3,5.64
13.9,200.3,6.19,49.8,438,190.0,190.0,190.1,500.0,500.0,0.0,0.0,0.0,0.3,5.65
13.8,200.3,6.19,49.8,439,190.0,190.0,190.1,500.0,500.0,0.0,0.0,0.0,0.3,5.66
13.8,200.2,6.19,49.8,440,190.0,190.0,190.1,500.0,500.0,0.0,0.0,0.0,0.3,5.67
13.7,200.2,6.19,49.8,441,190.0,190.0,190.1,500.0,500.0,0.0,0.0,0.0,0.3,5.68
13.7,200.2,6.19,49.8,442,190.0,190.0,190.1,500.0,500.0,0.0,0.0,0.0,0.3,5.70
13.7,200.3,6.19,50.0,443,190.0,190.0,190.1,500.0,500.0,0.0,0.0,0.0,0.3,5.71
13.7,200.3,6.19,49.8,444,190.0,190.0,190.1,500.0,500.0,0.0,0.0,0.0,0.3,5.72
13.7,200.3,6.19,49.8,445,190.0,190.0,190.1,500.0,500.0,0.0,0.0,0.0,0.3,5.73
13.7,200.3,6.19,49.8,446,190.0,190.0,190.1,500.0,500.0,0.0,0.0,0.0,0.3,5.74
13.8,200.3,6.19,49.6,447,190.0,190.0,190.1,500.0,500.0,0.0,0.0,0.0,0.3,5.75
13.9,200.3,6.19,49.6,448,190.0,190.0,190.1,500.0,500.0,0.0,0.0,0.0,0.3,5.76
13.9,200.3,6.19,49.8,449,190.0,190.0,190.1,500.0,500.0,0.0,0.0,0.0,0.3,5.78
13.9,200.3,6.19,49.8,450,190.0,190.0,190.0,500.0,500.0,0.0,0.0,0.0,0.3,5.79
13.8,200.3,6.19,49.8,451,190.0,190.0,190.0,500.0,500.0,0.0,0.0,0.0,0.3,5.80
13.8,200.3,6.19,50.0,452,190.0,190.0,190.0,500.0,500.0,0.0,0.0,0.0,0.3,5.81
13.8,200.3,6.19,49.8,453,190.0,190.0,190.0,500.0,500.0,0.0,0.0,0.0,0.3,5.82
13.8,200.3,6.19,49.8,454,190.0,190.0,190.0,500.0,500.0,0.0,0.0,0.0,0.3,5.83
13.8,200.3,6.19,49.8,455,190.0,190.0,190.0,500.0,500.0,0.0,0.0,0.0,0.3,5.85
13.9,200.3,6.19,49.8,456,190.0,190.0,190.0,500.0,500.0,0.0,0.0,0.0,0.3,5.86
13.9,200.3,6.19,49.8,457,190.0,190.0,190.0,500.0,500.0,0.0,0.0,0.0,0.3,5.87
13.8,200.3,6.19,49.8,458,190.0,190.0,190.0,500.0,500.0,0.0,0.0,0.0,0.3,5.88
13.9,200.3,6.19,49.8,459,190.0,190.0,190.0,500.0,500.0,0.0,0.0,0.0,0.3,5.89
13.9,200.3,6.19,49.8,460,190.0,190.0,190.0,500.0,500.0,0.0,0.0,0.0,0.3,5.90
13.9,200.3,6.19,49.8,461,190.0,190.0,190.0,500.0,500.0,0.0,0.0,0.0,0.3,5.91
13.9,200.3,6.19,49.8,462,190.0,190.0,190.0,500.0,500.0,0.0,0.0,0.0,0.3,5.93
13.9,200.3,6.19,49.8,463,190.0,190.0,190.0,500.0,500.0,0.0,0.0,0.0,0.3,5.94
13.8,200.3,6.19,49.8,464,190.0,190.0,190.0,500.0,500.0,0.0,0.0,0.0,0.3,5.95
13.8,200.4,6.19,49.8,465,190.0,190.0,190.0,500.0,500.0,0.0,0.0,0.0,0.3,5.96
13.7,200.4,6.19,49.8,466,190.0,190.0,190.0,500.0,500.0,0.0,0.0,0.0,0.3,5.97
13.8,200.4,6.19,49.6,467,190.0,190.0,190.0,500.0,500.0,0.0,0.0,0.0,0.3,5.98
13.8,200.4,6.19,49.8,468,190.0,190.0,190.0,500.0,500.0,0.0,0.0,0.0,0.3,5.99
13.9,200.5,6.19,49.8,469,190.0,190.0,190.0,500.0,500.0,0.0,0.0,0.0,0.3,6.01
13.9,200.5,6.19,49.8,470,190.0,190.0,190.0,500.0,500.0,0.0,0.0,0.0,0.3,6.02
13.9,200.5,6.19,49.8,471,190.0,190.0,190.0,500.0,500.0,0.0,0.0,0.0,0.3,6.03
13.8,200.5,6.19,49.8,472,190.0,190.0,190.0,500.0,500.0,0.0,0.0,0.0,0.3,6.04
13.8,200.5,6.19,49.8,473,190.0,190.0,190.0,500.0,500.0,0.0,0.0,0.0,0.3,6.05
13.7,200.5,6.19,49.8,474,190.0,190.0,190.0,500.0,500.0,0.0,0.0,0.0,0.3,6.06
13.6,200.5,6.19,49.8,475,190.0,190.0,190.0,500.0,500.0,0.0,0.0,0.0,0.3,6.07
13.6,200.5,6.19,49.8,476,190.0,190.0,190.0,500.0,500.0,0.0,0.0,0.0,0.3,6.09
13.7,200.5,6.19,49.8,477,190.0,190.0,190.0,500.0,500.0,0.0,0.0,0.0,0.3,6.10
13.8,200.5,6.19,49.8,478,190.0,190.0,190.0,500.0,500.0,0.0,0.0,0.0,0.3,6.11
13.9,200.5,6.19,49.8,479,190.0,190.0,190.0,500.0,500.0,0.0,0.0,0.0,0.3,6.12
14.0,200.5,6.19,49.8,480,190.0,190.0,190.0,500.0,500.0,0.0,0.0,0.0,0.3,6.13
14.0,200.5,6.19,49.8,481,190.0,190.0,190.0,500.0,500.0,0.0,0.0,0.0,0.3,6.14
13.9,200.5,6.19,49.8,482,190.0,190.0,190.0,500.0,500.0,0.0,0.0,0.0,0.3,6.15
13.8,200.5,6.19,49.8,483,190.0,190.0,190.0,500.0,500.0,0.0,0.0,0.0,0.3,6.17
13.8,200.5,6.19,49.8,484,190.0,190.0,190.0,500.0,500.0,0.0,0.0,0.0,0.3,6.18
13.8,200.5,6.19,49.8,485,190.0,190.0,190.0,500.0,500.0,0.0,0.0,0.0,0.3,6.19
13.7,200.5,6.19,49.6,486,190.0,190.0,190.0,500.0,500.0,0.0,0.0,0.0,0.3,6.20
13.8,200.5,6.19,49.8,487,190.0,190.0,190.0,500.0,500.0,0.0,0.0,0.0,0.3,6.21
13.9,200.5,6.19,49.6,488,190.0,190.0,190.0,500.0,500.0,0.0,0.0,0.0,0.3,6.22
13.9,200.5,6.19,49.6,489,190.0,190.0,190.0,500.0,500.0,0.0,0.0,0.0,0.3,6.23
13.9,200.5,6.19,49.6,490,190.0,190.0,190.0,500.0,500.0,0.0,0.0,0.0,0.3,6.25
13.9,200.6,6.19,49.6,491,190.0,190.0,190.0,500.0,500.0,0.0,0.0,0.0,0.3,6.26
13.8,200.6,6.19,49.6,492,190.0,190.0,190.0,500.0,500.0,0.0,0.0,0.0,0.3,6.27
13.8,200.6,6.19,49.8,493,190.0,190.0,190.0,500.0,500.0,0.0,0.0,0.0,0.3,6.28
13.7,200.6,6.19,49.8,494,190.0,190.0,190.0,500.0,500.0,0.0,0.0,0.0,0.3,6.29
13.7,200.6,6.19,49.8,495,190.0,190.0,190.0,500.0,500.0,0.0,0.0,0.0,0.3,6.30
13.7,200.6,6.19,50.0,496,190.0,190.0,190.0,500.0,500.0,0.0,0.0,0.0,0.3,6.31
13.7,200.5,6.19,49.8,497,190.0,190.0,190.0,500.0,500.0,0.0,0.0,0.0,0.3,6.33
13.7,200.5,6.19,49.8,498,190.0,190.0,190.0,500.0,500.0,0.0,0.0,0.0,0.3,6.34
13.7,200.6,6.19,49.8,499,190.0,190.0,190.0,500.0,500.0,0.0,0.0,0.0,0.3,6.35
13.8,200.6,6.19,49.8,500,190.0,190.0,190.0,500.0,500.0,0.0,0.0,0.0,0.3,6.36
13.8,200.6,6.19,49.6,501,190.0,190.0,190.0,500.0,500.0,0.0,0.0,0.0,0.3,6.37
13.8,200.7,6.19,49.8,502,190.0,190.0,190.0,500.0,500.0,0.0,0.0,0.0,0.3,6.38
13.8,200.7,6.19,49.8,503,190.0,190.0,190.0,500.0,500.0,0.0,0.0,0.0,0.3,6.39
13.8,200.7,6.19,49.8,504,190.0,190.0,190.0,500.0,500.0,0.0,0.0,0.0,0.3,6.41
13.8,200.7,6.19,49.8,505,190.0,190.0,190.0,500.0,500.0,0.0,0.0,0.0,0.3,6.42
13.8,200.7,6.19,49.8,506,190.0,190.0,190.0,500.0,500.0,0.0,0.0,0.0,0.3,6.43
13.8,200.7,6.19,49.8,507,190.0,190.0,190.0,500.0,500.0,0.0,0.0,0.0,0.3,6.44
13.8,200.7,6.19,49.8,508,190.0,190.0,190.0,500.0,500.0,0.0,0.0,0.0,0.3,6.45
13.7,200.7,6.19,49.8,509,190.0,190.0,190.0,500.0,500.0,0.0,0.0,0.0,0.3,6.46
13.7,200.7,6.19,49.6,510,190.0,190.0,190.0,500.0,500.0,0.0,0.0,0.0,0.3,6.47
13.8,200.7,6.19,49.8,511,190.0,190.0,190.0,500.0,500.0,0.0,0.0,0.0,0.3,6.49
13.8,200.7,6.19,49.8,512,190.0,190.0,190.0,500.0,500.0,0.0,0.0,0.0,0.3,6.50
13.8,200.7,6.19,49.8,513,190.0,190.0,190.0,500.0,500.0,0.0,0.0,0.0,0.3,6.51
13.8,200.7,6.19,49.8,514,190.0,190.0,190.0,500.0,500.0,0.0,0.0,0.0,0.3,6.52
13.8,200.7,6.19,49.8,515,190.0,190.0,190.0,500.0,500.0,0.0,0.0,0.0,0.3,6.53
13.7,200.7,6.19,49.8,516,190.0,190.0,190.0,500.0,500.0,0.0,0.0,0.0,0.3,6.54
13.7,200.7,6.19,49.8,517,190.0,190.0,190.0,500.0,500.0,0.0,0.0,0.0,0.3,6.55
13.7,200.7,6.19,49.8,518,190.0,190.0,190.0,500.0,500.0,0.0,0.0,0.0,0.3,6.57
13.7,200.7,6.19,49.8,519,190.0,190.0,190.0,500.0,500.0,0.0,0.0,0.0,0.3,6.58
13.7,200.7,6.19,50.0,520,190.0,190.0,190.0,500.0,500.0,0.0,0.0,0.0,0.3,6.59
13.7,200.7,6.19,49.8,521,190.0,190.0,190.0,500.0,500.0,0.0,0.0,0.0,0.3,6.60
13.7,200.7,6.19,49.8,522,190.0,190.0,190.0,500.0,500.0,0.0,0.0,0.0,0.3,6.61
13.7,200.7,6.19,49.8,523,190.0,190.0,190.0,500.0,500.0,0.0,0.0,0.0,0.3,6.62
13.8,200.7,6.19,49.8,524,190.0,190.0,190.0,500.0,500.0,0.0,0.0,0.0,0.3,6.63
13.8,200.7,6.19,49.6,525,190.0,190.0,190.0,500.0,500.0,0.0,0.0,0.0,0.3,6.65
13.7,200.7,6.19,49.8,526,190.0,190.0,190.0,500.0,500.0,0.0,0.0,0.0,0.3,6.66
13.7,200.7,6.19,49.8,527,190.0,190.0,190.0,500.0,500.0,0.0,0.0,0.0,0.3,6.67
13.7,200.7,6.19,49.8,528,190.0,190.0,190.0,500.0,500.0,0.0,0.0,0.0,0.3,6.68
13.7,200.7,6.19,49.8,529,190.0,190.0,190.0,500.0,500.0,0.0,0.0,0.0,0.3,6.69
13.6,200.8,6.19,50.0,530,190.0,190.0,190.0,500.0,500.0,0.0,0.0,0.0,0.3,6.70
13.7,200.7,6.19,50.0,531,190.0,190.0,190.0,500.0,500.0,0.0,0.0,0.0,0.3,6.71
13.7,200.7,6.19,50.0,532,190.0,190.0,190.0,500.0,500.0,0.0,0.0,0.0,0.3,6.73
13.7,200.7,6.19,50.0,533,190.0,190.0,190.0,500.0,500.0,0.0,0.0,0.0,0.3,6.74
13.8,200.7,6.19,50.0,534,190.0,190.0,190.0,500.0,500.0,0.0,0.0,0.0,0.3,6.75
13.8,200.7,6.19,49.8,535,190.0,190.0,190.0,500.0,500.0,0.0,0.0,0.0,0.3,6.76
13.8,200.7,6.19,49.8,536,190.0,190.0,190.0,500.0,500.0,0.0,0.0,0.0,0.3,6.77
13.9,200.7,6.19,49.8,537,190.0,190.0,190.0,500.0,500.0,0.0,0.0,0.0,0.3,6.78
13.9,200.7,6.19,49.8,538,190.0,190.0,190.0,500.0,500.0,0.0,0.0,0.0,0.3,6.79
13.9,200.7,6.19,49.8,539,190.0,190.0,190.0,500.0,500.0,0.0,0.0,0.0,0.3,6.81
13.9,200.7,6.19,50.0,540,190.0,190.0,190.0,500.0,500.0,0.0,0.0,0.0,0.3,6.82
13.8,200.7,6.19,49.8,541,190.0,190.0,190.0,500.0,500.0,0.0,0.0,0.0,0.3,6.83
13.8,200.7,6.19,49.8,542,190.0,190.0,190.0,500.0,500.0,0.0,0.0,0.0,0.3,6.84
13.8,200.7,6.19,49.8,543,190.0,190.0,190.0,500.0,500.0,0.0,0.0,0.0,0.3,6.85
13.7,200.7,6.19,49.8,544,190.0,190.0,190.0,500.0,500.0,0.0,0.0,0.0,0.3,6.86
13.7,200.7,6.19,49.8,545,190.0,190.0,190.0,500.0,500.0,0.0,0.0,0.0,0.3,6.87
13.8,200.7,6.19,49.8,546,190.0,190.0,190.0,500.0,500.0,0.0,0.0,0.0,0.3,6.89
13.8,200.7,6.19,49.8,547,190.0,190.0,190.0,500.0,500.0,0.0,0.0,0.0,0.3,6.90
13.9,200.7,6.19,49.8,548,190.0,190.0,190.0,500.0,500.0,0.0,0.0,0.0,0.3,6.91
13.9,200.7,6.19,49.8,549,190.0,190.0,190.0,500.0,500.0,0.0,0.0,0.0,0.3,6.92
13.8,200.7,6.19,49.8,550,190.0,190.0,190.0,500.0,500.0,0.0,0.0,0.0,0.3,6.93
13.8,200.8,6.19,50.0,551,190.0,190.0,190.0,500.0,500.0,0.0,0.0,0.0,0.3,6.94
13.8,200.8,6.19,50.0,552,190.0,190.0,190.0,500.0,500.0,0.0,0.0,0.0,0.3,6.95
13.8,200.7,6.19,50.0,553,190.0,190.0,190.0,500.0,500.0,0.0,0.0,0.0,0.3,6.97
13.8,200.7,6.19,49.8,554,190.0,190.0,190.0,500.0,500.0,0.0,0.0,0.0,0.3,6.98
13.9,200.7,6.19,49.8,555,190.0,190.0,190.0,500.0,500.0,0.0,0.0,0.0,0.3,6.99
13.8,200.8,6.19,49.8,556,190.0,190.0,190.0,500.0,500.0,0.0,0.0,0.0,0.3,7.00
13.8,200.7,6.19,49.8,557,190.0,190.0,190.0,500.0,500.0,0.0,0.0,0.0,0.3,7.01
13.8,200.7,6.19,49.8,558,190.0,190.0,190.0,500.0,500.0,0.0,0.0,0.0,0.3,7.02
13.8,200.7,6.19,49.8,559,190.0,190.0,190.0,500.0,500.0,0.0,0.0,0.0,0.3,7.04
13.8,200.7,6.19,49.8,560,190.0,190.0,190.0,500.0,500.0,0.0,0.0,0.0,0.3,7.05
13.8,200.7,6.19,49.8,561,190.0,190.0,190.0,500.0,500.0,0.0,0.0,0.0,0.3,7.06
13.8,200.7,6.19,49.8,562,190.0,190.0,190.0,500.0,500.0,0.0,0.0,0.0,0.3,7.07
13.8,200.7,6.19,49.8,563,190.0,190.0,190.0,500.0,500.0,0.0,0.0,0.0,0.3,7.08
13.8,200.7,6.19,50.0,564,190.0,190.0,190.0,500.0,500.0,0.0,0.0,0.0,0.3,7.09
13.7,200.7,6.19,49.8,565,190.0,190.0,190.0,500.0,500.0,0.0,0.0,0.0,0.3,7.10
13.7,200.7,6.19,49.8,566,190.0,190.0,190.0,500.0,500.0,0.0,0.0,0.0,0.3,7.12
13.7,200.7,6.19,49.8,567,190.0,190.0,190.0,500.0,500.0,0.0,0.0,0.0,0.3,7.13
13.7,200.7,6.19,49.8,568,190.0,190.0,190.0,500.0,500.0,0.0,0.0,0.0,0.3,7.14
13.9,200.7,6.19,49.6,569,190.0,190.0,190.0,500.0,500.0,0.0,0.0,0.0,0.3,7.15
13.9,200.7,6.19,49.8,570,190.0,190.0,190.0,500.0,500.0,0.0,0.0,0.0,0.3,7.16
13.9,200.7,6.19,49.8,571,190.0,190.0,190.0,500.0,500.0,0.0,0.0,0.0,0.3,7.17
13.8,200.7,6.19,49.8,572,190.0,190.0,190.0,500.0,500.0,0.0,0.0,0.0,0.3,7.18
13.9,200.7,6.19,49.8,573,190.0,190.0,190.0,500.0,500.0,0.0,0.0,0.0,0.3,7.20
13.7,200.7,6.19,50.0,574,190.0,190.0,190.0,500.0,500.0,0.0,0.0,0.0,0.3,7.21
13.7,200.7,6.19,50.0,575,190.0,190.0,190.0,500.0,500.0,0.0,0.0,0.0,0.3,7.22
13.7,200.7,6.19,50.0,576,190.0,190.0,190.0,500.0,500.0,0.0,0.0,0.0,0.3,7.23
13.6,200.7,6.19,50.0,577,190.0,190.0,190.0,500.0,500.0,0.0,0.0,0.0,0.3,7.24
13.6,200.7,6.19,50.0,578,190.0,190.0,190.0,500.0,500.0,0.0,0.0,0.0,0.3,7.25
13.7,200.7,6.19,49.8,579,190.0,190.0,190.0,500.0,500.0,0.0,0.0,0.0,0.3,7.26
13.8,200.7,6.19,49.8,580,190.0,190.0,190.0,500.0,500.0,0.0,0.0,0.0,0.3,7.28
13.9,200.7,6.19,49.8,581,190.0,190.0,190.0,500.0,500.0,0.0,0.0,0.0,0.3,7.29
13.9,200.7,6.19,49.8,582,190.0,190.0,190.0,500.0,500.0,0.0,0.0,0.0,0.3,7.30
13.8,200.7,6.19,49.8,583,190.0,190.0,190.0,500.0,500.0,0.0,0.0,0.0,0.3,7.31
13.8,200.7,6.19,50.0,584,190.0,190.0,190.0,500.0,500.0,0.0,0.0,0.0,0.3,7.32
13.7,200.7,6.19,49.8,585,190.0,190.0,190.0,500.0,500.0,0.0,0.0,0.0,0.3,7.33
13.7,200.7,6.19,49.8,586,190.0,190.0,190.0,500.0,500.0,0.0,0.0,0.0,0.3,7.34
13.8,200.7,6.19,49.8,587,190.0,190.0,190.0,500.0,500.0,0.0,0.0,0.0,0.3,7.36
13.8,200.7,6.19,49.8,588,190.0,190.0,190.0,500.0,500.0,0.0,0.0,0.0,0.3,7.37
13.8,200.7,6.19,49.8,589,190.0,190.0,190.0,500.0,500.0,0.0,0.0,0.0,0.3,7.38
13.8,200.7,6.19,49.8,590,190.0,190.0,190.0,500.0,500.0,0.0,0.0,0.0,0.3,7.39
13.8,200.7,6.19,49.8,591,190.0,190.0,190.0,500.0,500.0,0.0,0.0,0.0,0.3,7.40
13.8,200.7,6.19,49.8,592,190.0,190.0,190.0,500.0,500.0,0.0,0.0,0.0,0.3,7.41
13.8,200.7,6.19,49.8,593,190.0,190.0,190.0,500.0,500.0,0.0,0.0,0.0,0.3,7.42
13.8,200.7,6.19,49.6,594,190.0,190.0,190.0,500.0,500.0,0.0,0.0,0.0,0.3,7.44
13.8,200.7,6.19,49.8,595,190.0,190.0,190.0,500.0,500.0,0.0,0.0,0.0,0.3,7.45
13.7,200.8,6.19,49.8,596,190.0,190.0,190.0,500.0,500.0,0.0,0.0,0.0,0.3,7.46
13.7,200.8,6.19,49.8,597,190.0,190.0,190.0,500.0,500.0,0.0,0.0,0.0,0.3,7.47
13.7,200.8,6.19,49.8,598,190.0,190.0,190.0,500.0,500.0,0.0,0.0,0.0,0.3,7.48
13.7,200.8,6.19,49.8,599,190.0,190.0,190.0,500.0,500.0,0.0,0.0,0.0,0.3,7.49
